{"accuracy":{"0":0.7817901969,"1":0.8484370112},"loss":{"0":0.4661697447,"1":0.3518227041}}